category,brand,product_name,flavor,size,calories,protein_g,carbs_g,fat_g,sugar_g,fiber_g,caffeine_mg,sodium_mg,ingredients,photo_url
energy_drink,Alani Nu,Alani Energy,Cosmic Stardust,12 fl oz can,10,0,3,0,0,0,200,180,"Carbonated Water, Citric Acid, Taurine, Sodium Citrate, L-Theanine, Caffeine, Sucralose, Sodium Benzoate, Potassium Sorbate, L-Carnitine L-Tartrate, Acesulfame Potassium, Panax Ginseng Root Extract, Natural Flavor, Gum Arabic, Niacinamide (Vitamin B3), Inositol",https://zejhjixctddmjmrwhyil.supabase.co/storage/v1/object/public/product-images/catalog-import/alani-nu-alani-energy-cosmic-stardust.webp
energy_drink,Alani Nu,Alani Energy,Blue Slush,12 fl oz can,10,0,3,0,0,0,200,180,"Carbonated Water, Malic Acid, Taurine, Erythritol, Sodium Citrate, Natural Flavors, Citric Acid, L-Theanine, Caffeine, Sucralose, Acesulfame Potassium, Panax Ginseng Root Extract, Potassium Sorbate, Sodium Benzoate, L-Carnitine L-Tartrate, Niacinamide (Vitamin B3), Inositol",https://zejhjixctddmjmrwhyil.supabase.co/storage/v1/object/public/product-images/catalog-import/alani-nu-alani-energy-blue-slush.webp
energy_drink,Alani Nu,Alani Energy,Pink Slush,12 fl oz can,5,0,3,0,0,0,200,180,"Carbonated Water, Citric Acid, Taurine, Sodium Citrate, L-Theanine, Caffeine, Sucralose, Acesulfame Potassium, Sodium Benzoate, Potassium Sorbate, L-Carnitine L-Tartrate, Panax Ginseng Root Extract, Natural Flavor, Gum Arabic, Niacinamide (Vitamin B3), Inositol",https://zejhjixctddmjmrwhyil.supabase.co/storage/v1/object/public/product-images/catalog-import/alani-nu-alani-energy-pink-slush.webp
energy_drink,Alani Nu,Alani Energy,Cherry Slush,12 fl oz can,10,0,3,0,0,0,200,180,"Carbonated Water, Citric Acid, Taurine, Sodium Citrate, L-Theanine, Caffeine, Sucralose, Sodium Benzoate, Potassium Sorbate, L-Carnitine L-Tartrate, Acesulfame Potassium, Panax Ginseng Root Extract, Natural Flavor, Gum Arabic, Niacinamide (Vitamin B3), Inositol",https://zejhjixctddmjmrwhyil.supabase.co/storage/v1/object/public/product-images/catalog-import/alani-nu-alani-energy-cherry-slush.webp
energy_drink,Alani Nu,Alani Energy,Breezeberry,12 fl oz can,10,0,3,0,0,0,200,180,"Carbonated Water, Citric Acid, Taurine, Sodium Citrate, L-Theanine, Caffeine, Sucralose, Sodium Benzoate, Potassium Sorbate, L-Carnitine L-Tartrate, Acesulfame Potassium, Panax Ginseng Root Extract, Natural Flavor, Gum Arabic, Niacinamide (Vitamin B3), Inositol",https://zejhjixctddmjmrwhyil.supabase.co/storage/v1/object/public/product-images/catalog-import/alani-nu-alani-energy-breezeberry.webp
energy_drink,Alani Nu,Alani Energy,Juicy Peach,12 fl oz can,15,0,5,0,0,0,200,190,"Carbonated Water, Citric Acid, Taurine, Sodium Citrate, L-Theanine, Caffeine, Malic Acid, Sucralose, Sodium Benzoate, Gum Arabic, L-Carnitine L-Tartrate, Natural Flavors, Potassium Sorbate, Panax Ginseng Root Extract, Acesulfame Potassium, Glycerol Ester of Wood Rosin, Niacinamide (Vitamin B3)",https://zejhjixctddmjmrwhyil.supabase.co/storage/v1/object/public/product-images/catalog-import/alani-nu-alani-energy-juicy-peach.webp
energy_drink,Alani Nu,Alani Energy,Hawaiian Shaved Ice,12 fl oz can,10,0,3,0,0,0,200,180,"Carbonated Water, Citric Acid, Taurine, Sodium Citrate, L-Theanine, Caffeine, Sucralose, Sodium Benzoate, Potassium Sorbate, L-Carnitine L-Tartrate, Acesulfame Potassium, Panax Ginseng Root Extract, Natural Flavor, Gum Arabic, Niacinamide (Vitamin B3), Inositol",https://zejhjixctddmjmrwhyil.supabase.co/storage/v1/object/public/product-images/catalog-import/alani-nu-alani-energy-hawaiian-shaved-ice.webp
energy_drink,Alani Nu,Alani Energy,Strawberry Sunrise,12 fl oz can,15,0,3,0,0,0,200,200,"Carbonated Water, Citric Acid, Taurine, Sodium Citrate, L-Theanine, Caffeine, Sucralose, Sodium Benzoate, Acesulfame Potassium, L-Carnitine Tartrate, Potassium Sorbate, Panax Ginseng Root Extract, Natural Flavors, Gum Arabic, Niacinamide (Vitamin B3), Inositol",https://zejhjixctddmjmrwhyil.supabase.co/storage/v1/object/public/product-images/catalog-import/alani-nu-alani-energy-strawberry-sunrise.webp
energy_drink,Alani Nu,Alani Energy,Orange Kiss,12 fl oz can,10,0,3,0,0,0,200,180,"Carbonated Water, Citric Acid, Taurine, Sodium Citrate, L-Theanine, Caffeine, Sucralose, Sodium Benzoate, Potassium Sorbate, L-Carnitine L-Tartrate, Acesulfame Potassium, Panax Ginseng Root Extract, Natural Flavor, Gum Arabic, Niacinamide (Vitamin B3), Inositol",https://zejhjixctddmjmrwhyil.supabase.co/storage/v1/object/public/product-images/catalog-import/alani-nu-alani-energy-orange-kiss.webp
energy_drink,Alani Nu,Alani Energy,Cherry Twist,12 fl oz can,15,0,5,0,0,0,200,190,"Carbonated Water, Citric Acid, Taurine, Sodium Citrate, L-Theanine, Caffeine, Malic Acid, Sucralose, Sodium Benzoate, Gum Arabic, L-Carnitine L-Tartrate, Natural Flavors, Vegetable Juice (for Color), Potassium Sorbate, Panax Ginseng Root Extract, Acesulfame Potassium, Niacinamide (Vitamin B3)",https://zejhjixctddmjmrwhyil.supabase.co/storage/v1/object/public/product-images/catalog-import/alani-nu-alani-energy-cherry-twist.webp
energy_drink,Alani Nu,Alani Energy,Sherbet Swirl,12 fl oz can,15,0,2,0,0,0,200,200,"Carbonated Water, Citric Acid, Taurine, Sodium Citrate, L-Theanine, Caffeine, Sodium Benzoate, Sucralose, L-Carnitine L-Tartrate, Potassium Sorbate, Panax Ginseng Root Extract, Natural Flavors, Acesulfame Potassium, Gum Arabic, Niacinamide (Vitamin B3), Inositol",https://zejhjixctddmjmrwhyil.supabase.co/storage/v1/object/public/product-images/catalog-import/alani-nu-alani-energy-sherbet-swirl.webp
energy_drink,Alani Nu,Alani Energy,Dream Float,12 fl oz can,10,0,3,0,0,0,200,180,"Carbonated Water, Citric Acid, Taurine, Sodium Citrate, L-Theanine, Caffeine, Sucralose, Sodium Benzoate, Potassium Sorbate, L-Carnitine L-Tartrate, Acesulfame Potassium, Panax Ginseng Root Extract, Natural Flavor, Gum Arabic, Niacinamide (Vitamin B3), Inositol",https://zejhjixctddmjmrwhyil.supabase.co/storage/v1/object/public/product-images/catalog-import/alani-nu-alani-energy-dream-float.webp
energy_drink,Alani Nu,Alani Energy,Cotton Candy,12 fl oz can,10,0,3,0,0,0,200,180,"Carbonated Water, Citric Acid, Taurine, Sodium Citrate, L-Theanine, Caffeine, Sucralose, Sodium Benzoate, Potassium Sorbate, L-Carnitine L-Tartrate, Acesulfame Potassium, Panax Ginseng Root Extract, Natural Flavor, Gum Arabic, Niacinamide (Vitamin B3), Inositol",https://zejhjixctddmjmrwhyil.supabase.co/storage/v1/object/public/product-images/catalog-import/alani-nu-alani-energy-cotton-candy.webp
energy_drink,Ghost,Ghost Energy,Warheads Sour Watermelon,16 fl oz can,10,0,2,0,0,0,200,30,"Carbonated Water, Citric Acid, Natural and Artificial Flavor, L-Carnitine L-Tartrate, Taurine, Malic Acid, Caffeine, Sucralose, Sodium Benzoate, Potassium Sorbate, Alpha-GPC (Alpha-Glyceryl Phosphoryl Choline 50%), Acesulfame Potassium, Ascorbic Acid, Coffee Fruit Extract, Niacinamide, AstraGin Root Extracts",https://zejhjixctddmjmrwhyil.supabase.co/storage/v1/object/public/product-images/catalog-import/ghost-ghost-energy-warheads-sour-watermelon.webp
energy_drink,Ghost,Ghost Energy,Warheads Sour Green Apple,16 fl oz can,10,0,2,0,0,0,200,30,"Carbonated Water, Citric Acid, Natural and Artificial Flavor, L-Carnitine L-Tartrate, Taurine, Malic Acid, Caffeine, Sucralose, Sodium Benzoate, Potassium Sorbate, Alpha-GPC (Alpha-Glyceryl Phosphoryl Choline 50%), Acesulfame Potassium, Ascorbic Acid, Coffee Fruit Extract, Niacinamide, AstraGin Root Extracts",https://zejhjixctddmjmrwhyil.supabase.co/storage/v1/object/public/product-images/catalog-import/ghost-ghost-energy-warheads-sour-green-apple.webp
energy_drink,Ghost,Ghost Energy,Welch's Grape,16 fl oz can,10,0,2,0,0,0,200,30,"Carbonated Water, Citric Acid, Natural and Artificial Flavor, L-Carnitine L-Tartrate, Taurine, Malic Acid, Caffeine, Sucralose, Sodium Benzoate, Potassium Sorbate, Alpha-Glyceryl Phosphoryl Choline, Acesulfame Potassium, Ascorbic Acid, Coffee Fruit Extract, Niacinamide",https://zejhjixctddmjmrwhyil.supabase.co/storage/v1/object/public/product-images/catalog-import/ghost-ghost-energy-welch-s-grape.webp
energy_drink,Ghost,Ghost Energy,Orange Cream,16 fl oz can,10,0,2,0,0,0,200,30,"Carbonated Water, Citric Acid, Natural and Artificial Flavor, L-Carnitine L-Tartrate, Taurine, Caffeine, Sucralose, Sodium Benzoate, Potassium Sorbate, Alpha-Glyceryl Phosphoryl Choline, Acesulfame Potassium, Ascorbic Acid, Coffee Fruit Extract, Niacinamide, Astragalus Membranaceus Root Extract, Panax Notoginseng Root Extract",https://zejhjixctddmjmrwhyil.supabase.co/storage/v1/object/public/product-images/catalog-import/ghost-ghost-energy-orange-cream.webp
energy_drink,Ghost,Ghost Energy,Faze Pop / 'Merica Pop,16 fl oz can,10,0,2,0,0,0,200,30,"Carbonated Water, Citric Acid, Natural and Artificial Flavor, L-Carnitine L-Tartrate, Taurine, Caffeine, Sucralose, Sodium Benzoate, Potassium Sorbate, Alpha-Glyceryl Phosphoryl Choline, Acesulfame Potassium, Ascorbic Acid, Coffee Fruit Extract, Niacinamide, AstraGin Root Extracts",https://zejhjixctddmjmrwhyil.supabase.co/storage/v1/object/public/product-images/catalog-import/ghost-ghost-energy-faze-pop-merica-pop.webp
energy_drink,Ghost,Ghost Energy,Citrus,16 fl oz can,5,0,1,0,0,0,200,35,"Carbonated Water, Citric Acid, Carnipure L-Carnitine L-Tartrate, Taurine, Natural and Artificial Flavor, Sucralose, Natural Caffeine (from Coffee Bean), Sodium Benzoate, Potassium Sorbate, Alpha-GPC, Acesulfame Potassium, Ascorbic Acid, Coffee Fruit Extract, Niacinamide, AstraGin Root Extracts",https://zejhjixctddmjmrwhyil.supabase.co/storage/v1/object/public/product-images/catalog-import/ghost-ghost-energy-citrus.webp
energy_drink,Ghost,Ghost Energy,Tropical Mango,16 fl oz can,10,0,2,0,0,0,200,30,"Carbonated Water, Citric Acid, L-Carnitine L-Tartrate, Taurine, Natural and Artificial Flavor, Caffeine, Sucralose, Sodium Benzoate, Potassium Sorbate, Alpha-Glyceryl Phosphoryl Choline, Acesulfame Potassium, Ascorbic Acid, Coffee Fruit Extract, Niacinamide, AstraGin Root Extracts",https://zejhjixctddmjmrwhyil.supabase.co/storage/v1/object/public/product-images/catalog-import/ghost-ghost-energy-tropical-mango.webp
energy_drink,Ghost,Ghost Energy,Cherry Limeade,16 fl oz can,10,0,2,0,0,0,200,35,"Carbonated Water, Natural and Artificial Flavor, Citric Acid, L-Carnitine L-Tartrate, Taurine, Malic Acid, Sucralose, Caffeine, Sodium Benzoate, Potassium Sorbate, Alpha-Glyceryl Phosphoryl Choline, Ascorbic Acid, Coffee Fruit Extract, Niacinamide, Astragalus Membranaceus Root Extract",https://zejhjixctddmjmrwhyil.supabase.co/storage/v1/object/public/product-images/catalog-import/ghost-ghost-energy-cherry-limeade.webp
energy_drink,Ghost,Ghost Energy,7Up,16 fl oz can,10,0,2,0,0,0,200,30,"Carbonated Water, Citric Acid, Natural and Artificial Flavor, L-Carnitine L-Tartrate, Taurine, Caffeine, Sucralose, Sodium Benzoate, Potassium Sorbate, Alpha-Glyceryl Phosphoryl Choline, Acesulfame Potassium, Ascorbic Acid, Coffee Fruit Extract, Niacinamide",https://zejhjixctddmjmrwhyil.supabase.co/storage/v1/object/public/product-images/catalog-import/ghost-ghost-energy-7up.webp
energy_drink,Ghost,Ghost Energy,Sour Strips Rainbow,16 fl oz can,10,0,2,0,0,0,200,30,"Carbonated Water, Citric Acid, Malic Acid, Natural and Artificial Flavor, L-Carnitine L-Tartrate, Taurine, Caffeine, Sucralose, Sodium Benzoate, Potassium Sorbate, Alpha-Glyceryl Phosphoryl Choline, Acesulfame Potassium, Ascorbic Acid, Coffee Fruit Extract, Niacinamide",https://zejhjixctddmjmrwhyil.supabase.co/storage/v1/object/public/product-images/catalog-import/ghost-ghost-energy-sour-strips-rainbow.webp
energy_drink,Celsius,Celsius Original,Sparkling Orange,12 fl oz can,10,0,4,0,0,0,200,10,"Carbonated Water, Citric Acid, Taurine, Natural Flavors, Sucralose, Caffeine, Ginger Root Extract, Green Tea Leaf Extract, Chromium",https://zejhjixctddmjmrwhyil.supabase.co/storage/v1/object/public/product-images/catalog-import/celsius-celsius-original-sparkling-orange.webp
energy_drink,Celsius,Celsius Original,Sparkling Fuji Apple Pear,12 fl oz can,10,0,2,0,0,0,200,0,"Carbonated Water, Citric Acid, Taurine, Natural & Artificial Flavors, Sucralose, Caffeine, Ginger Root Extract, Green Tea Leaf Extract, Vegetable Juice for Color, Chromium",https://zejhjixctddmjmrwhyil.supabase.co/storage/v1/object/public/product-images/catalog-import/celsius-celsius-original-sparkling-fuji-apple-pear.webp
energy_drink,Celsius,Celsius Original,Sparkling Wild Berry,12 fl oz can,10,0,2,0,0,0,200,0,"Carbonated Water, Citric Acid, Taurine, Natural Flavors, Sucralose, Caffeine, Vegetable Juice for Color, Ginger Root Extract, Green Tea Leaf Extract, Chromium",https://zejhjixctddmjmrwhyil.supabase.co/storage/v1/object/public/product-images/catalog-import/celsius-celsius-original-sparkling-wild-berry.webp
energy_drink,Celsius,Celsius Original,Sparkling Kiwi Guava,12 fl oz can,10,0,2,0,0,0,200,0,"Carbonated Water, Citric Acid, Taurine, Natural Flavors, Sucralose, Caffeine, Ginger Root Extract, Green Tea Leaf Extract, Chromium, Fruit and Vegetable Juice for Color",https://zejhjixctddmjmrwhyil.supabase.co/storage/v1/object/public/product-images/catalog-import/celsius-celsius-original-sparkling-kiwi-guava.webp
energy_drink,Celsius,Celsius Original,Sparkling Watermelon,12 fl oz can,10,0,2,0,0,0,200,0,"Carbonated Water, Citric Acid, Taurine, Natural Flavors, Sucralose, Caffeine, Ginger Root Extract, Green Tea Leaf Extract, Fruit Juice for Color, Chromium",https://zejhjixctddmjmrwhyil.supabase.co/storage/v1/object/public/product-images/catalog-import/celsius-celsius-original-sparkling-watermelon.webp
energy_drink,Celsius,Celsius Original,Sparkling Cherry Cola,12 fl oz can,10,0,2,0,0,0,200,0,"Carbonated Water, Citric Acid, Taurine, Natural & Artificial Flavors, Caramel Color, Sucralose, Caffeine, Ginger Root Extract, Green Tea Leaf Extract, Chromium",https://zejhjixctddmjmrwhyil.supabase.co/storage/v1/object/public/product-images/catalog-import/celsius-celsius-original-sparkling-cherry-cola.webp
energy_drink,Celsius,Celsius Original,Sparkling Grape Rush,12 fl oz can,10,0,2,0,0,0,200,0,"Carbonated Water, Citric Acid, Taurine, Natural & Artificial Flavors, Sucralose, Caffeine, Ginger Root Extract, Green Tea Leaf Extract, Fruit and Vegetable Juice for Color, Chromium",https://zejhjixctddmjmrwhyil.supabase.co/storage/v1/object/public/product-images/catalog-import/celsius-celsius-original-sparkling-grape-rush.webp
energy_drink,Celsius,Celsius Original,Sparkling Green Apple Cherry,12 fl oz can,10,0,2,0,0,0,200,0,"Carbonated Water, Citric Acid, Taurine, Natural & Artificial Flavors, Sucralose, Caffeine, Ginger Root Extract, Green Tea Leaf Extract, Fruit Juice for Color, Chromium",https://zejhjixctddmjmrwhyil.supabase.co/storage/v1/object/public/product-images/catalog-import/celsius-celsius-original-sparkling-green-apple-cherry.webp
energy_drink,Celsius,Celsius Original Vibe,Peach Vibe,12 fl oz can,10,0,2,0,0,0,200,0,"Carbonated Water, Citric Acid, Taurine, Natural Flavors, Sucralose, Caffeine, Ginger Root Extract, Green Tea Leaf Extract, Beta-Carotene for Color, Chromium",https://zejhjixctddmjmrwhyil.supabase.co/storage/v1/object/public/product-images/catalog-import/celsius-celsius-original-vibe-peach-vibe.webp
energy_drink,Celsius,Celsius Original Vibe,Tropical Vibe,12 fl oz can,10,0,2,0,0,0,200,0,"Carbonated Water, Citric Acid, Taurine, Natural Flavors, Sucralose, Caffeine, Ginger Root Extract, Green Tea Leaf Extract, Chromium, Beta-Carotene for Color",https://zejhjixctddmjmrwhyil.supabase.co/storage/v1/object/public/product-images/catalog-import/celsius-celsius-original-vibe-tropical-vibe.webp
energy_drink,Celsius,Celsius Original Vibe,Cosmic Vibe,12 fl oz can,10,0,2,0,0,0,200,0,"Carbonated Water, Citric Acid, Taurine, Natural Flavors, Sucralose, Caffeine, Ginger Root Extract, Green Tea Leaf Extract, Fruit and Vegetable Juice for Color, Chromium",https://zejhjixctddmjmrwhyil.supabase.co/storage/v1/object/public/product-images/catalog-import/celsius-celsius-original-vibe-cosmic-vibe.webp
energy_drink,Celsius,Celsius Original Vibe,Arctic Vibe,12 fl oz can,10,0,2,0,0,0,200,0,"Carbonated Water, Citric Acid, Taurine, Natural Flavors, Sucralose, Caffeine, Ginger Root Extract, Green Tea Leaf Extract, Brilliant Blue FCF, Chromium",https://zejhjixctddmjmrwhyil.supabase.co/storage/v1/object/public/product-images/catalog-import/celsius-celsius-original-vibe-arctic-vibe.webp
energy_drink,Celsius,Celsius Original Vibe,Fantasy Vibe,12 fl oz can,10,0,2,0,0,0,200,0,"Carbonated Water, Citric Acid, Taurine, Natural & Artificial Flavors, Sucralose, Caffeine, Ginger Root Extract, Green Tea Leaf Extract, Chromium",https://zejhjixctddmjmrwhyil.supabase.co/storage/v1/object/public/product-images/catalog-import/celsius-celsius-original-vibe-fantasy-vibe.webp
energy_drink,Celsius,Celsius Original Vibe,Oasis Vibe,12 fl oz can,10,0,2,0,0,0,200,0,"Carbonated Water, Citric Acid, Taurine, Natural Flavors, Sucralose, Caffeine, Ginger Root Extract, Green Tea Leaf Extract, Fruit Juice for Color, Chromium",https://zejhjixctddmjmrwhyil.supabase.co/storage/v1/object/public/product-images/catalog-import/celsius-celsius-original-vibe-oasis-vibe.webp
energy_drink,Celsius,Celsius Original Vibe,Astro Vibe,12 fl oz can,10,0,2,0,0,0,200,0,"Carbonated Water, Citric Acid, Taurine, Natural Flavors, Sucralose, Caffeine, Ginger Root Extract, Green Tea Leaf Extract, Chromium",https://zejhjixctddmjmrwhyil.supabase.co/storage/v1/object/public/product-images/catalog-import/celsius-celsius-original-vibe-astro-vibe.webp
energy_drink,Celsius,Celsius Original Vibe,Playa Vibe,12 fl oz can,10,0,2,0,0,0,200,0,"Carbonated Water, Citric Acid, Taurine, Natural & Artificial Flavors, Sucralose, Caffeine, Ginger Root Extract, Green Tea Leaf Extract, Chromium",https://zejhjixctddmjmrwhyil.supabase.co/storage/v1/object/public/product-images/catalog-import/celsius-celsius-original-vibe-playa-vibe.webp
energy_drink,Celsius,Celsius Fizz-Free,Peach Mango Green Tea,12 fl oz can,10,0,2,0,0,0,200,0,"Purified Water, Citric Acid, Taurine, Natural Flavors, Sucralose, Caffeine, Ginger Root Extract, Green Tea Leaf Extract, Phosphoric Acid, Chromium",https://zejhjixctddmjmrwhyil.supabase.co/storage/v1/object/public/product-images/catalog-import/celsius-celsius-fizz-free-peach-mango-green-tea.webp
energy_drink,Celsius,Celsius Fizz-Free,Blue Razz Lemonade,12 fl oz can,10,0,2,0,0,0,200,0,"Purified Water, Citric Acid, Taurine, Natural & Artificial Flavors, Sucralose, Caffeine, Ginger Root Extract, Green Tea Leaf Extract, Phosphoric Acid, Chromium",https://zejhjixctddmjmrwhyil.supabase.co/storage/v1/object/public/product-images/catalog-import/celsius-celsius-fizz-free-blue-razz-lemonade.webp
energy_drink,Celsius,Celsius Fizz-Free,Dragonfruit Lime,12 fl oz can,10,0,2,0,0,0,200,0,"Purified Water, Citric Acid, Taurine, Natural Flavors, Sucralose, Caffeine, Ginger Root Extract, Green Tea Leaf Extract, Phosphoric Acid, Chromium",https://zejhjixctddmjmrwhyil.supabase.co/storage/v1/object/public/product-images/catalog-import/celsius-celsius-fizz-free-dragonfruit-lime.webp
energy_drink,Celsius,Celsius Fizz-Free,Pink Lemonade,12 fl oz can,10,0,2,0,0,0,200,0,"Purified Water, Citric Acid, Taurine, Natural Flavors, Sucralose, Caffeine, Ginger Root Extract, Green Tea Leaf Extract, Phosphoric Acid, Vegetable Juice for Color, Chromium",https://zejhjixctddmjmrwhyil.supabase.co/storage/v1/object/public/product-images/catalog-import/celsius-celsius-fizz-free-pink-lemonade.webp
energy_drink,Celsius,Celsius Essentials,Blue Crush,16 fl oz can,10,0,2,0,0,0,270,15,"Carbonated Water, Citric Acid, Taurine, L-Leucine, L-Isoleucine, L-Valine, Natural & Artificial Flavors, Caffeine, Sucralose, Ginger Root Extract, Green Tea Leaf Extract, Sodium Citrate, Chromium",https://zejhjixctddmjmrwhyil.supabase.co/storage/v1/object/public/product-images/catalog-import/celsius-celsius-essentials-blue-crush.webp
energy_drink,Celsius,Celsius Essentials,Dragonberry,16 fl oz can,10,0,2,0,0,0,270,15,"Carbonated Water, Citric Acid, Taurine, L-Leucine, L-Isoleucine, L-Valine, Natural & Artificial Flavors, Caffeine, Sucralose, Ginger Root Extract, Green Tea Leaf Extract, Vegetable Juice for Color, Chromium",https://zejhjixctddmjmrwhyil.supabase.co/storage/v1/object/public/product-images/catalog-import/celsius-celsius-essentials-dragonberry.webp
energy_drink,Celsius,Celsius Essentials,Cherry Limeade,16 fl oz can,10,0,2,0,0,0,270,15,"Carbonated Water, Citric Acid, Taurine, L-Leucine, L-Isoleucine, L-Valine, Natural Flavors, Caffeine, Sucralose, Ginger Root Extract, Green Tea Leaf Extract, Sodium Citrate, Chromium",https://zejhjixctddmjmrwhyil.supabase.co/storage/v1/object/public/product-images/catalog-import/celsius-celsius-essentials-cherry-limeade.webp
energy_drink,Celsius,Celsius Essentials,Grape Slush,16 fl oz can,10,0,2,0,0,0,270,15,"Carbonated Water, Citric Acid, Taurine, L-Leucine, L-Isoleucine, L-Valine, Natural & Artificial Flavors, Caffeine, Sucralose, Ginger Root Extract, Green Tea Leaf Extract, Sodium Citrate, Fruit and Vegetable Juice for Color, Chromium",https://zejhjixctddmjmrwhyil.supabase.co/storage/v1/object/public/product-images/catalog-import/celsius-celsius-essentials-grape-slush.webp
energy_drink,Celsius,Celsius Essentials,Watermelon Ice,16 fl oz can,10,0,2,0,0,0,270,15,"Carbonated Water, Citric Acid, Taurine, L-Leucine, L-Isoleucine, L-Valine, Natural Flavors, Caffeine, Sucralose, Ginger Root Extract, Green Tea Leaf Extract, Sodium Citrate, Chromium",https://zejhjixctddmjmrwhyil.supabase.co/storage/v1/object/public/product-images/catalog-import/celsius-celsius-essentials-watermelon-ice.webp
energy_drink,Celsius,Celsius Essentials,Orangesicle,16 fl oz can,10,0,2,0,0,0,270,15,"Carbonated Water, Citric Acid, Taurine, L-Leucine, L-Isoleucine, L-Valine, Natural & Artificial Flavors, Caffeine, Sucralose, Ginger Root Extract, Green Tea Leaf Extract, Sodium Citrate, Beta-Carotene for Color, Chromium",https://zejhjixctddmjmrwhyil.supabase.co/storage/v1/object/public/product-images/catalog-import/celsius-celsius-essentials-orangesicle.webp
energy_drink,Alani Nu,Alani Energy,Watermelon Wave,12 fl oz can,10,0,3,0,0,0,200,180,"Carbonated Water, Citric Acid, Taurine, Sodium Citrate, L-Theanine, Caffeine, Sucralose, Sodium Benzoate, Potassium Sorbate, L-Carnitine L-Tartrate, Acesulfame Potassium, Panax Ginseng Root Extract, Natural Flavor, Vegetable Juice for Color, Niacinamide (Vitamin B3), Inositol",https://zejhjixctddmjmrwhyil.supabase.co/storage/v1/object/public/product-images/catalog-import/alani-nu-alani-energy-watermelon-wave.webp
energy_drink,Ghost,Ghost Energy,Strawbango,16 fl oz can,5,0,1,0,0,0,200,30,"Carbonated Water, Citric Acid, Natural and Artificial Flavor, Carnipure L-Carnitine L-Tartrate, Taurine, Caffeine, Sucralose, Sodium Benzoate, Potassium Sorbate, Alpha-GPC, Acesulfame Potassium, Ascorbic Acid, Coffee Fruit Extract, AstraGin Root Extracts",https://zejhjixctddmjmrwhyil.supabase.co/storage/v1/object/public/product-images/catalog-import/ghost-ghost-energy-strawbango.webp
energy_drink,Ghost,Ghost Energy,Sour Pink Lemonade,16 fl oz can,10,0,2,0,0,0,200,35,"Carbonated Water, Citric Acid, Malic Acid, Natural and Artificial Flavor, Carnipure L-Carnitine L-Tartrate, Taurine, Sucralose, Natural Caffeine, Sodium Benzoate, Potassium Sorbate, Alpha-GPC, Acesulfame Potassium, Coffee Fruit Extract, AstraGin Root Extracts",https://zejhjixctddmjmrwhyil.supabase.co/storage/v1/object/public/product-images/catalog-import/ghost-ghost-energy-sour-pink-lemonade.webp
energy_drink,Ghost,Ghost Energy,Iced Tea Lemonade,16 fl oz can,10,0,2,0,0,0,200,30,"Carbonated Water, Citric Acid, Instant Black Tea, Natural and Artificial Flavor, L-Carnitine L-Tartrate, Taurine, Caffeine, Sucralose, Sodium Benzoate, Potassium Sorbate, Alpha-Glyceryl Phosphoryl Choline, Acesulfame Potassium, Ascorbic Acid",https://zejhjixctddmjmrwhyil.supabase.co/storage/v1/object/public/product-images/catalog-import/ghost-ghost-energy-iced-tea-lemonade.webp
energy_drink,Ghost,Ghost Energy,Original Flavor,16 fl oz can,5,0,1,0,0,0,200,35,"Carbonated Water, Citric Acid, Carnipure L-Carnitine L-Tartrate, Taurine, Natural and Artificial Flavor, Sucralose, Natural Caffeine (from Coffee Bean), Sodium Benzoate, Potassium Sorbate, Alpha-GPC, Acesulfame Potassium, Ascorbic Acid",https://zejhjixctddmjmrwhyil.supabase.co/storage/v1/object/public/product-images/catalog-import/ghost-ghost-energy-original-flavor.webp
energy_drink,Ghost,Ghost Energy,Bubblicious Original,16 fl oz can,5,0,1,0,0,0,200,35,"Carbonated Water, Citric Acid, Natural and Artificial Flavor, Carnipure L-Carnitine L-Tartrate, Taurine, Sucralose, Natural Caffeine, Sodium Benzoate, Potassium Sorbate, Alpha-GPC, Acesulfame Potassium, Ascorbic Acid",https://zejhjixctddmjmrwhyil.supabase.co/storage/v1/object/public/product-images/catalog-import/ghost-ghost-energy-bubblicious-original.webp
protein_bar,Barebells,Original Protein Bar,Salty Peanut,55g bar,200,20,18,8,1,3,0,105,"Milk Protein Blend (Calcium Caseinate, Whey Protein Concentrate, Whey Protein Isolate), Glycerin, Bovine Collagen Hydrolysate, Maltitol, Polydextrose, Water, Cocoa Butter, Dry Whole Milk, Roasted Peanut Pieces, Peanut Paste, Sunflower Oil, Unsweetened Chocolate, Cocoa Processed with Alkali, Salt, Soy Lecithin, Sucralose",https://zejhjixctddmjmrwhyil.supabase.co/storage/v1/object/public/product-images/catalog-import/barebells-original-protein-bar-salty-peanut.webp
protein_bar,Barebells,Original Protein Bar,White Chocolate Almond,55g bar,200,20,19,8,1,4,0,110,"Milk Protein Blend (Calcium Caseinate, Whey Protein Isolate), Glycerin, Polydextrose, Maltitol, Bovine Collagen Hydrolysate, Cocoa Butter, Water, Dry Whole Milk, Roasted Almond Pieces, Soy Protein Isolate, Sunflower Oil, Cocoa Processed with Alkali, Tapioca Starch, Natural and Artificial Flavors, Salt, Sucralose",https://zejhjixctddmjmrwhyil.supabase.co/storage/v1/object/public/product-images/catalog-import/barebells-original-protein-bar-white-chocolate-almond.webp
protein_bar,Barebells,Original Protein Bar,Cookies & Cream,55g bar,200,20,20,7,1,3,0,130,"Milk Protein Blend (Calcium Caseinate, Whey Protein Isolate, Whey Protein Concentrate), Glycerin, Bovine Collagen Hydrolysate, Maltitol, Polydextrose, Cocoa Butter, Water, Dry Whole Milk, Soy Protein Isolate, Sunflower Oil, Unsweetened Chocolate, Tapioca Starch, Cocoa Processed with Alkali, Sucralose",https://zejhjixctddmjmrwhyil.supabase.co/storage/v1/object/public/product-images/catalog-import/barebells-original-protein-bar-cookies-cream.webp
protein_bar,Barebells,Original Protein Bar,Caramel Cashew,55g bar,200,20,18,8,2,3,0,115,"Milk Protein Blend (Calcium Caseinate, Whey Protein Isolate, Whey Protein Concentrate), Glycerin, Bovine Collagen Hydrolysate, Maltitol, Polydextrose, Cocoa Butter, Water, Cashew Pieces, Dry Whole Milk, Sunflower Oil, Unsweetened Chocolate, Peanut Paste, Salt, Sucralose",https://zejhjixctddmjmrwhyil.supabase.co/storage/v1/object/public/product-images/catalog-import/barebells-original-protein-bar-caramel-cashew.webp
protein_bar,Barebells,Original Protein Bar,Peanut Butter,55g bar,210,20,20,8,2,3,0,210,"Milk Protein Blend (Calcium Caseinate, Whey Protein Isolate, Whey Protein Concentrate), Maltitol, Glycerin, Bovine Collagen Hydrolysate, Soy Protein Isolate, Cocoa Butter, Peanut Butter, Polydextrose, Water, Dry Whole Milk, Roasted Peanut Pieces, Unsweetened Chocolate",https://zejhjixctddmjmrwhyil.supabase.co/storage/v1/object/public/product-images/catalog-import/barebells-original-protein-bar-peanut-butter.webp
protein_bar,Barebells,Original Protein Bar,Wild Cherry,55g bar,200,20,19,8,1,3,0,110,"Milk Protein Blend (Calcium Caseinate, Whey Protein Isolate, Whey Protein Concentrate), Glycerin, Maltitol, Bovine Collagen Hydrolysate, Polydextrose, Cocoa Butter, Water, Dry Whole Milk, Soy Protein Isolate, Sunflower Oil, Natural and Artificial Flavors, Sucralose",https://zejhjixctddmjmrwhyil.supabase.co/storage/v1/object/public/product-images/catalog-import/barebells-original-protein-bar-wild-cherry.webp
protein_bar,Barebells,Original Protein Bar,Chocolate Dough,55g bar,200,20,20,7,1,3,0,150,"Milk Protein Blend (Calcium Caseinate, Whey Protein Isolate, Whey Protein Concentrate), Glycerin, Bovine Collagen Hydrolysate, Maltitol, Polydextrose, Cocoa Butter, Dry Whole Milk, Water, Soy Protein Isolate, Sunflower Oil, Unsweetened Chocolate, Cocoa Processed with Alkali, Tapioca Starch",https://zejhjixctddmjmrwhyil.supabase.co/storage/v1/object/public/product-images/catalog-import/barebells-original-protein-bar-chocolate-dough.webp
protein_bar,Barebells,Original Protein Bar,Creamy Crisp,55g bar,200,20,19,8,1,3,0,140,"Milk Protein Blend (Calcium Caseinate, Whey Protein Isolate, Whey Protein Concentrate), Glycerin, Bovine Collagen Hydrolysate, Maltitol, Polydextrose, Cocoa Butter, Dry Whole Milk, Water, Soy Protein Isolate, Sunflower Oil, Unsweetened Chocolate, Cocoa Processed with Alkali, Sucralose",https://zejhjixctddmjmrwhyil.supabase.co/storage/v1/object/public/product-images/catalog-import/barebells-original-protein-bar-creamy-crisp.webp
protein_bar,Barebells,Soft Protein Bar,Sunny Smoothie,55g bar,200,16,23,9,2,5,0,180,"Milk Protein Blend (Whey Protein Concentrate, Micellar Casein Isolate, Calcium Caseinate), Hydrolyzed Bovine Collagen, Maltitol, Polydextrose, Cocoa Butter, Glycerin, Milk, Water, Maltitol Syrup, Soybean Oil, Xylitol, Citric Acid, Salt, Soy Lecithin",https://zejhjixctddmjmrwhyil.supabase.co/storage/v1/object/public/product-images/catalog-import/barebells-soft-protein-bar-sunny-smoothie.webp
protein_bar,Barebells,Soft Protein Bar,Salted Peanut Caramel,55g bar,210,16,20,9,2,4,0,190,"Milk Protein Blend (Calcium Caseinate, Whey Protein Isolate, Whey Protein Concentrate), Glycerin, Bovine Collagen Hydrolysate, Maltitol, Polydextrose, Peanuts, Cocoa Butter, Water, Dry Whole Milk, Sunflower Oil, Unsweetened Chocolate, Salt, Soy Lecithin, Sucralose",https://zejhjixctddmjmrwhyil.supabase.co/storage/v1/object/public/product-images/catalog-import/barebells-soft-protein-bar-salted-peanut-caramel.webp
protein_bar,Barebells,Soft Protein Bar,Caramel Choco,55g bar,200,16,21,9,2,4,0,180,"Milk Protein Blend (Calcium Caseinate, Whey Protein Isolate, Whey Protein Concentrate), Glycerin, Bovine Collagen Hydrolysate, Maltitol, Polydextrose, Cocoa Butter, Dry Whole Milk, Water, Sunflower Oil, Unsweetened Chocolate, Cocoa Processed with Alkali, Soy Lecithin, Sucralose",https://zejhjixctddmjmrwhyil.supabase.co/storage/v1/object/public/product-images/catalog-import/barebells-soft-protein-bar-caramel-choco.webp
protein_bar,Barebells,Original Protein Bar,Birthday Cake,55g bar,200,20,18,8,1,3,0,140,"Milk Protein Blend (Calcium Caseinate, Whey Protein Isolate, Whey Protein Concentrate), Glycerin, Bovine Collagen Hydrolysate, Maltitol, Polydextrose, Cocoa Butter, Water, Dry Whole Milk, Sprinkles (Maltitol, Potato Starch, Rice Flour, Palm Fat, Colors), Soy Protein Isolate, Sunflower Oil, Natural and Artificial Flavors, Sucralose",https://zejhjixctddmjmrwhyil.supabase.co/storage/v1/object/public/product-images/catalog-import/barebells-original-protein-bar-birthday-cake.webp
protein_bar,Barebells,Original Protein Bar,Peanut Butter & Jelly,55g bar,210,20,18,9,2,3,0,190,"Milk Protein Blend (Calcium Caseinate, Whey Protein Concentrate, Whey Protein Isolate), Glycerin, Bovine Collagen Hydrolysate, Peanuts, Maltitol, Polydextrose, Cocoa Butter, Water, Dry Whole Milk, Unsweetened Chocolate, Sunflower Oil, Natural and Artificial Flavors, Salt, Sucralose",https://zejhjixctddmjmrwhyil.supabase.co/storage/v1/object/public/product-images/catalog-import/barebells-original-protein-bar-peanut-butter-jelly.webp
protein_bar,Barebells,Original Protein Bar,Key Lime Pie,55g bar,200,20,19,8,1,3,0,130,"Milk Protein Blend (Calcium Caseinate, Whey Protein Isolate, Whey Protein Concentrate), Glycerin, Bovine Collagen Hydrolysate, Maltitol, Polydextrose, Cocoa Butter, Water, Dry Whole Milk, Soy Protein Isolate, Sunflower Oil, Citric Acid, Natural Flavors, Graham Cracker Flavor Crust Pieces, Sucralose",https://zejhjixctddmjmrwhyil.supabase.co/storage/v1/object/public/product-images/catalog-import/barebells-original-protein-bar-key-lime-pie.webp
protein_bar,Barebells,Original Protein Bar,Lemon Cheesecake,55g bar,200,20,19,7,1,3,0,130,"Milk Protein Blend (Calcium Caseinate, Whey Protein Isolate, Whey Protein Concentrate), Glycerin, Bovine Collagen Hydrolysate, Maltitol, Polydextrose, Cocoa Butter, White Chocolate, Water, Soy Protein Isolate, Sunflower Oil, Citric Acid, Natural Flavors, Sucralose",https://zejhjixctddmjmrwhyil.supabase.co/storage/v1/object/public/product-images/catalog-import/barebells-original-protein-bar-lemon-cheesecake.webp
protein_bar,Barebells,Original Protein Bar,Brownie Batter,55g bar,200,20,20,7,1,4,0,150,"Milk Protein Blend (Calcium Caseinate, Whey Protein Isolate, Whey Protein Concentrate), Glycerin, Bovine Collagen Hydrolysate, Maltitol, Polydextrose, Cocoa Butter, Water, Unsweetened Chocolate, Soy Protein Isolate, Cocoa Processed with Alkali, Sunflower Oil, Tapioca Starch, Sucralose",https://zejhjixctddmjmrwhyil.supabase.co/storage/v1/object/public/product-images/catalog-import/barebells-original-protein-bar-brownie-batter.webp
protein_bar,Barebells,Soft Protein Bar,Marshmallow Peanut Road,55g bar,210,16,21,9,2,4,0,190,"Milk Protein Blend (Calcium Caseinate, Whey Protein Isolate, Whey Protein Concentrate), Glycerin, Bovine Collagen Hydrolysate, Maltitol, Peanuts, Polydextrose, Cocoa Butter, Water, Dry Whole Milk, Unsweetened Chocolate, Sunflower Oil, Artificial Marshmallow Flavor, Sucralose",https://zejhjixctddmjmrwhyil.supabase.co/storage/v1/object/public/product-images/catalog-import/barebells-soft-protein-bar-marshmallow-peanut-road.webp
protein_bar,Barebells,Soft Protein Bar,Minty Chocolate,55g bar,200,16,20,9,2,4,0,180,"Milk Protein Blend (Calcium Caseinate, Whey Protein Isolate, Whey Protein Concentrate), Glycerin, Bovine Collagen Hydrolysate, Maltitol, Polydextrose, Cocoa Butter, Dry Whole Milk, Water, Sunflower Oil, Unsweetened Chocolate, Cocoa Processed with Alkali, Natural Mint Flavor, Sucralose",https://zejhjixctddmjmrwhyil.supabase.co/storage/v1/object/public/product-images/catalog-import/barebells-soft-protein-bar-minty-chocolate.webp
protein_bar,Barebells,Soft Protein Bar,Banana Caramel,55g bar,200,16,21,9,2,4,0,180,"Milk Protein Blend (Calcium Caseinate, Whey Protein Isolate, Whey Protein Concentrate), Glycerin, Bovine Collagen Hydrolysate, Maltitol, Polydextrose, Cocoa Butter, Dry Whole Milk, Water, Sunflower Oil, Unsweetened Chocolate, Natural Banana Flavor, Beta-Carotene for Color, Sucralose",https://zejhjixctddmjmrwhyil.supabase.co/storage/v1/object/public/product-images/catalog-import/barebells-soft-protein-bar-banana-caramel.webp
protein_bar,Built,Built Puff,Brownie Batter,40g bar,140,17,13,2.5,7,0,0,90,"Premium Collagen Protein Blend (Collagen Peptides, Partially Hydrolyzed Whey Protein Isolate), Dark Chocolate (Sugar, Chocolate Liquor, Cocoa Butter, Milkfat, Soy Lecithin, Vanilla), Glycerin, Water, Sugar, Gelatin, Natural Flavors, Nonfat Dry Milk",https://zejhjixctddmjmrwhyil.supabase.co/storage/v1/object/public/product-images/catalog-import/built-built-puff-brownie-batter.webp
protein_bar,Built,Built Puff,Cookie Dough Chunk,44g bar,160,15,19,4,8,1,0,95,"Premium Collagen Protein Blend (Partially Hydrolyzed Whey Protein Isolate, Collagen), Cookie Dough (Wheat Flour, Brown Sugar, Sugar, Sorbitol, Glycerin, Palm Oil, Semi-Sweet Chocolate Drops, Corn Starch, Natural Flavors, Salt), Glycerin, Sugar, Water",https://zejhjixctddmjmrwhyil.supabase.co/storage/v1/object/public/product-images/catalog-import/built-built-puff-cookie-dough-chunk.webp
protein_bar,Built,Built Puff,Sweet Peach Punch,40g bar,140,16,13,2.5,6,0,0,45,"Premium Collagen Protein Blend (Collagen Peptides, Partially Hydrolyzed Whey Protein Isolate), Dark Chocolate (Sugar, Chocolate Liquor, Cocoa Butter, Milkfat, Soy Lecithin), Glycerin, Water, Sugar, Gelatin, Natural Flavors, Citric Acid",https://zejhjixctddmjmrwhyil.supabase.co/storage/v1/object/public/product-images/catalog-import/built-built-puff-sweet-peach-punch.webp
protein_bar,Built,Built Puff,Pink Lemonade Squeeze,40g bar,140,16,13,2.5,6,0,0,45,"Premium Collagen Protein Blend (Collagen Peptides, Partially Hydrolyzed Whey Protein Isolate), Dark Chocolate (Sugar, Chocolate Liquor, Cocoa Butter, Milkfat, Soy Lecithin), Glycerin, Water, Sugar, Gelatin, Natural Flavors, Malic Acid",https://zejhjixctddmjmrwhyil.supabase.co/storage/v1/object/public/product-images/catalog-import/built-built-puff-pink-lemonade-squeeze.webp
protein_bar,Built,Built Puff,Churro,40g bar,130,17,13,2.5,5,0,0,45,"Premium Collagen Protein Blend (Collagen Peptides, Partially Hydrolyzed Whey Protein Isolate), Dark Chocolate Coating (Sugar, Chocolate Liquor, Cocoa Butter, Milkfat, Soy Lecithin), Glycerin, Water, Sugar, Gelatin, Cinnamon, Natural Flavors",https://zejhjixctddmjmrwhyil.supabase.co/storage/v1/object/public/product-images/catalog-import/built-built-puff-churro.webp
protein_bar,Built,Built Puff,Lemon Meringue Pie,40g bar,150,16,14,2.5,7,0,0,45,"Premium Collagen Protein Blend (Collagen Peptides, Partially Hydrolyzed Whey Protein Isolate), Dark Chocolate (Sugar, Chocolate Liquor, Cocoa Butter, Milkfat, Soy Lecithin), Glycerin, Water, Sugar, Gelatin, Citric Acid, Natural Flavors",https://zejhjixctddmjmrwhyil.supabase.co/storage/v1/object/public/product-images/catalog-import/built-built-puff-lemon-meringue-pie.webp
protein_bar,Built,Built Puff,Mint Chip,40g bar,140,17,13,2.5,6,0,0,90,"Premium Collagen Protein Blend (Collagen Peptides, Partially Hydrolyzed Whey Protein Isolate), Dark Chocolate (Sugar, Chocolate Liquor, Cocoa Butter, Milkfat, Soy Lecithin), Glycerin, Water, Sugar, Gelatin, Natural Mint Flavor, Cocoa Nibs",https://zejhjixctddmjmrwhyil.supabase.co/storage/v1/object/public/product-images/catalog-import/built-built-puff-mint-chip.webp
protein_bar,Built,Built Puff,S'mores Chunk,44g bar,160,15,19,4,8,1,0,95,"Premium Collagen Protein Blend (Partially Hydrolyzed Whey Protein Isolate, Collagen), Graham Cracker Pieces, Glycerin, Dark Chocolate (Sugar, Chocolate Liquor, Cocoa Butter, Soy Lecithin), Sugar, Water, Gelatin, Natural Flavors",https://zejhjixctddmjmrwhyil.supabase.co/storage/v1/object/public/product-images/catalog-import/built-built-puff-s-mores-chunk.webp
protein_bar,Built,Built Puff,Peanut Butter Cup,40g bar,150,17,14,3,6,0,0,95,"Premium Collagen Protein Blend (Collagen Peptides, Partially Hydrolyzed Whey Protein Isolate), Dark Chocolate (Sugar, Chocolate Liquor, Cocoa Butter, Milkfat, Soy Lecithin), Glycerin, Peanut Flour, Peanut Butter, Sugar, Water, Gelatin",https://zejhjixctddmjmrwhyil.supabase.co/storage/v1/object/public/product-images/catalog-import/built-built-puff-peanut-butter-cup.webp
protein_bar,Built,Built Puff,Strawberries 'N Cream,40g bar,140,15,13,2.5,6,0,0,45,"Premium Collagen Protein Blend (Collagen Peptides, Partially Hydrolyzed Whey Protein Isolate), Dark Chocolate (Sugar, Chocolate Liquor, Cocoa Butter, Milkfat, Soy Lecithin), Glycerin, Water, Sugar, Gelatin, Freeze Dried Strawberries, Natural Flavors",https://zejhjixctddmjmrwhyil.supabase.co/storage/v1/object/public/product-images/catalog-import/built-built-puff-strawberries-n-cream.webp
protein_bar,Built,Built Puff,Rocky Road,40g bar,140,15,14,3,7,0,0,90,"Premium Collagen Protein Blend (Collagen Peptides, Partially Hydrolyzed Whey Protein Isolate), Dark Chocolate (Sugar, Chocolate Liquor, Cocoa Butter, Milkfat, Soy Lecithin), Glycerin, Almond Pieces, Water, Sugar, Gelatin, Natural Flavors",https://zejhjixctddmjmrwhyil.supabase.co/storage/v1/object/public/product-images/catalog-import/built-built-puff-rocky-road.webp
protein_bar,Built,Built Puff,Blue Razz Blast (Sour),41g bar,140,16,13,2.5,6,0,0,45,"Premium Collagen Protein Blend (Collagen Peptides, Partially Hydrolyzed Whey Protein Isolate), Dark Chocolate Coating, Glycerin, Water, Sugar, Gelatin, Citric Acid, Malic Acid, Natural and Artificial Flavors",https://zejhjixctddmjmrwhyil.supabase.co/storage/v1/object/public/product-images/catalog-import/built-built-puff-blue-razz-blast-sour.webp
protein_bar,Built,Built Puff,Green Apple Crush (Sour),41g bar,140,16,13,2.5,6,0,0,45,"Premium Collagen Protein Blend (Collagen Peptides, Partially Hydrolyzed Whey Protein Isolate), Dark Chocolate Coating, Glycerin, Water, Sugar, Gelatin, Citric Acid, Malic Acid, Natural and Artificial Flavors",https://zejhjixctddmjmrwhyil.supabase.co/storage/v1/object/public/product-images/catalog-import/built-built-puff-green-apple-crush-sour.webp
protein_bar,Built,Built Puff,Watermelon Splash (Sour),41g bar,140,16,13,2.5,6,0,0,45,"Premium Collagen Protein Blend (Collagen Peptides, Partially Hydrolyzed Whey Protein Isolate), Dark Chocolate Coating, Glycerin, Water, Sugar, Gelatin, Citric Acid, Malic Acid, Natural and Artificial Flavors",https://zejhjixctddmjmrwhyil.supabase.co/storage/v1/object/public/product-images/catalog-import/built-built-puff-watermelon-splash-sour.webp
protein_bar,Built,Built Puff,Salted Caramel Puff,40g bar,140,16,13,2.5,6,0,0,115,"Premium Collagen Protein Blend (Collagen Peptides, Partially Hydrolyzed Whey Protein Isolate), Dark Chocolate Coating (Sugar, Chocolate Liquor, Cocoa Butter, Milkfat, Soy Lecithin), Glycerin, Water, Sugar, Gelatin, Sea Salt, Natural Flavors",https://zejhjixctddmjmrwhyil.supabase.co/storage/v1/object/public/product-images/catalog-import/built-built-puff-salted-caramel-puff.webp
protein_bar,Built,Built Puff,Coconut Puff,40g bar,140,17,13,2.5,6,0,0,90,"Premium Collagen Protein Blend (Collagen Peptides, Partially Hydrolyzed Whey Protein Isolate), Dark Chocolate (Sugar, Chocolate Liquor, Cocoa Butter, Milkfat, Soy Lecithin), Glycerin, Desiccated Coconut, Water, Sugar, Gelatin, Natural Flavors",https://zejhjixctddmjmrwhyil.supabase.co/storage/v1/object/public/product-images/catalog-import/built-built-puff-coconut-puff.webp
protein_bar,Built,Built Puff,Cookies 'N Cream Puff,40g bar,140,17,13,2.5,6,0,0,90,"Premium Collagen Protein Blend (Collagen Peptides, Partially Hydrolyzed Whey Protein Isolate), Dark Chocolate Coating, Glycerin, Water, Sugar, Cocoa Processed with Alkali, Gelatin, Natural Flavors",https://zejhjixctddmjmrwhyil.supabase.co/storage/v1/object/public/product-images/catalog-import/built-built-puff-cookies-n-cream-puff.webp
protein_bar,Built,Built Puff,Tropical Mango Burst (Sour),41g bar,140,16,13,2.5,6,0,0,45,"Premium Collagen Protein Blend (Collagen Peptides, Partially Hydrolyzed Whey Protein Isolate), Dark Chocolate Coating, Glycerin, Water, Sugar, Gelatin, Citric Acid, Malic Acid, Natural Mango Flavor",https://zejhjixctddmjmrwhyil.supabase.co/storage/v1/object/public/product-images/catalog-import/built-built-puff-tropical-mango-burst-sour.webp
protein_bar,David,David Gold Bar,Chocolate Chip Cookie Dough,62g bar,150,28,12,2,0,1,0,200,"Protein System (Milk Protein Isolate, Collagen, Whey Protein Concentrate, Egg White), Binding System (Maltitol, Allulose, Glycerin, Soluble Corn Fiber, Tapioca Starch, Soy Lecithin), Fat System (Modified Plant Fat [EPG], Coconut Oil), Flavor System (Unsweetened Chocolate, Dutch Process Cocoa Powder, Natural and Artificial Flavors)",https://zejhjixctddmjmrwhyil.supabase.co/storage/v1/object/public/product-images/catalog-import/david-david-gold-bar-chocolate-chip-cookie-dough.webp
protein_bar,David,David Gold Bar,Peanut Butter Chocolate Chunk,62g bar,150,28,12,2.5,0,1,0,200,"Protein System (Milk Protein Isolate, Collagen, Whey Protein Concentrate, Egg White), Binding System (Maltitol, Allulose, Glycerin, Soluble Corn Fiber, Tapioca Starch, Soy Lecithin), Fat System (Modified Plant Fat [EPG], Coconut Oil), Flavor System (Unsweetened Chocolate, Salt, Dutch Process Cocoa Powder, Peanut Flour, Natural Flavors)",https://zejhjixctddmjmrwhyil.supabase.co/storage/v1/object/public/product-images/catalog-import/david-david-gold-bar-peanut-butter-chocolate-chunk.webp
protein_bar,David,David Gold Bar,Blueberry Pie,62g bar,150,28,12,2,0,1,0,200,"Protein System (Milk Protein Isolate, Collagen, Whey Protein Concentrate, Egg White), Binding System (Maltitol, Allulose, Glycerin, Soluble Corn Fiber, Tapioca Starch, Soy Lecithin), Fat System (Modified Plant Fat [EPG], Coconut Oil), Flavor System (Freeze Dried Blueberries, Natural Flavors, Malic Acid)",https://zejhjixctddmjmrwhyil.supabase.co/storage/v1/object/public/product-images/catalog-import/david-david-gold-bar-blueberry-pie.webp
protein_bar,David,David Gold Bar,Fudge Brownie,62g bar,150,28,12,2,0,1,0,205,"Protein System (Milk Protein Isolate, Collagen, Whey Protein Concentrate, Egg White), Binding System (Maltitol, Allulose, Glycerin, Soluble Corn Fiber, Tapioca Starch, Soy Lecithin), Fat System (Modified Plant Fat [EPG], Cocoa Butter), Flavor System (Dutch Process Cocoa Powder, Unsweetened Chocolate, Natural Flavors, Salt)",https://zejhjixctddmjmrwhyil.supabase.co/storage/v1/object/public/product-images/catalog-import/david-david-gold-bar-fudge-brownie.webp
protein_bar,David,David Gold Bar,Salted Peanut Butter,62g bar,150,28,12,2.5,0,1,0,210,"Protein System (Milk Protein Isolate, Collagen, Whey Protein Concentrate, Egg White), Binding System (Maltitol, Allulose, Glycerin, Soluble Corn Fiber, Tapioca Starch, Soy Lecithin), Fat System (Modified Plant Fat [EPG], Peanut Butter), Flavor System (Peanut Flour, Sea Salt, Natural Flavors)",https://zejhjixctddmjmrwhyil.supabase.co/storage/v1/object/public/product-images/catalog-import/david-david-gold-bar-salted-peanut-butter.webp
protein_bar,David,David Gold Bar,Cinnamon Roll,62g bar,150,28,12,2,0,1,0,200,"Protein System (Milk Protein Isolate, Collagen, Whey Protein Concentrate, Egg White), Binding System (Maltitol, Allulose, Glycerin, Soluble Corn Fiber, Tapioca Starch, Soy Lecithin), Fat System (Modified Plant Fat [EPG], Vegetable Oil), Flavor System (Cinnamon, Natural Flavors, Sweet Cream Powder)",https://zejhjixctddmjmrwhyil.supabase.co/storage/v1/object/public/product-images/catalog-import/david-david-gold-bar-cinnamon-roll.webp
protein_bar,David,David Gold Bar,Red Velvet,62g bar,150,28,12,2,0,1,0,200,"Protein System (Milk Protein Isolate, Collagen, Whey Protein Concentrate, Egg White), Binding System (Maltitol, Allulose, Glycerin, Soluble Corn Fiber, Tapioca Starch, Soy Lecithin), Fat System (Modified Plant Fat [EPG], Coconut Oil), Flavor System (Cocoa Powder, Vegetable Juice for Color, Natural Flavors)",https://zejhjixctddmjmrwhyil.supabase.co/storage/v1/object/public/product-images/catalog-import/david-david-gold-bar-red-velvet.webp
protein_bar,David,David Gold Bar,Cake Batter,62g bar,150,28,12,2,0,1,0,195,"Protein System (Milk Protein Isolate, Collagen, Whey Protein Concentrate, Egg White), Binding System (Maltitol, Allulose, Glycerin, Soluble Corn Fiber, Tapioca Starch, Soy Lecithin), Fat System (Modified Plant Fat [EPG], Coconut Oil), Flavor System (Natural and Artificial Cake Flavors, Vanilla Extract)",https://zejhjixctddmjmrwhyil.supabase.co/storage/v1/object/public/product-images/catalog-import/david-david-gold-bar-cake-batter.webp
protein_bar,David,David Bronze Bar,Cookie Dough Caramel Chocolate,58g bar,150,20,16,4.5,0,2,0,190,"Protein System (Whey Protein Isolate, Egg White, Milk Protein Isolate, Calcium Caseinate), Structure System (Maltitol, Collagen, Soluble Corn Fiber, Glycerin, Gelatin, Xanthan Gum, Guar Gum, Sunflower Lecithin), Fat System (Modified Plant Fat [EPG], Palm Kernel Oil), Flavor System (Unsweetened Chocolate, Dutch Process Cocoa, Natural Flavors)",https://zejhjixctddmjmrwhyil.supabase.co/storage/v1/object/public/product-images/catalog-import/david-david-bronze-bar-cookie-dough-caramel-chocolate.webp
protein_bar,David,David Bronze Bar,Double Chocolate,58g bar,150,20,16,4.5,0,2,0,195,"Protein System (Whey Protein Isolate, Egg White, Milk Protein Isolate, Calcium Caseinate), Structure System (Maltitol, Collagen, Soluble Corn Fiber, Glycerin, Gelatin, Xanthan Gum, Guar Gum, Sunflower Lecithin), Fat System (Modified Plant Fat [EPG], Palm Kernel Oil), Flavor System (Unsweetened Chocolate, Dutch Process Cocoa Powder, Sweet Cream Powder, Natural Flavors)",https://zejhjixctddmjmrwhyil.supabase.co/storage/v1/object/public/product-images/catalog-import/david-david-bronze-bar-double-chocolate.webp
protein_bar,David,David Bronze Bar,Peanut Butter Chocolate,58g bar,150,20,16,4.5,0,2,0,200,"Protein System (Whey Protein Isolate, Egg White, Milk Protein Isolate, Calcium Caseinate), Structure System (Maltitol, Collagen, Soluble Corn Fiber, Glycerin, Gelatin, Xanthan Gum, Guar Gum, Sunflower Lecithin), Fat System (Modified Plant Fat [EPG], Peanut Butter), Flavor System (Peanut Flour, Cocoa Powder, Unsweetened Chocolate, Natural Flavors)",https://zejhjixctddmjmrwhyil.supabase.co/storage/v1/object/public/product-images/catalog-import/david-david-bronze-bar-peanut-butter-chocolate.webp
protein_bar,David,David Bronze Bar,S'mores Chocolate,58g bar,150,20,16,4.5,0,2,0,190,"Protein System (Whey Protein Isolate, Egg White, Milk Protein Isolate, Calcium Caseinate), Structure System (Maltitol, Collagen, Soluble Corn Fiber, Glycerin, Gelatin, Xanthan Gum, Guar Gum, Sunflower Lecithin), Fat System (Modified Plant Fat [EPG], Palm Kernel Oil), Flavor System (Natural Marshmallow & Graham Flavors, Cocoa Powder)",https://zejhjixctddmjmrwhyil.supabase.co/storage/v1/object/public/product-images/catalog-import/david-david-bronze-bar-s-mores-chocolate.webp
